{"cameraMode":{"drawMode":0,"name":"Shaded","section":"Shading Mode"},"sceneLighting":true,"audioPlay":false,"sceneViewState":{"m_AlwaysRefresh":false,"showFog":true,"showSkybox":true,"showFlares":true,"showImageEffects":true,"showParticleSystems":true,"showVisualEffectGraphs":true,"m_FxEnabled":true},"in2DMode":false,"pivot":{"x":0.8803132176399231,"y":4.439855098724365,"z":1.388601303100586},"rotation":{"x":-0.09764613956212998,"y":0.012536769732832909,"z":-0.001230024266988039,"w":-0.9951419830322266},"size":6.40214204788208,"orthographic":false}